t,vx,vy,vw,encoder1,encoder2,encoder3,encoder4,gyroX,gyroY,gyroZ,accX,accY,accZ
0,0,0,0,0,0,0,0,0,0,0,0,0,0
0.01,0,0,0,0.006913617,-0.001399219,0.000596141,0.002777446,-0.004320359,0.45680047,-0.402080356,0.007732086,0.034351861,9.845645577
0.01,0,0,0,0.011799584,-0.002773275,0.002899878,0.008807729,-0.09102456,0.273563796,-0.289330331,0.034811459,0.0315973,9.828123357
0.01,0,0,0,0.018343897,-0.002201941,0.002515466,0.012357685,0.18418547,0.262241994,-0.33093996,0.022776455,0.013615496,9.819938513
0.01,0,0,0,0.02141189,-0.002225452,0.000413856,0.016033029,-0.03501306,0.295944891,-0.270291528,0.024307319,0.0316847,9.831893163
0.01,0,0,0,0.02632692,-0.002913989,-0.000316349,0.019498372,-0.073208589,0.310337477,-0.328399425,0.02653738,0.024220143,9.828869752
0.01,0,0,0,0.028866548,-0.003378092,-0.001428721,0.023544275,-0.038806615,0.326081562,-0.348211466,0.04055289,0.029105504,9.848395222
0.01,0,0,0,0.032469338,-0.005300479,-0.001707048,0.027596087,-0.059905865,0.4020953,-0.167562517,0.021610486,0.03682394,9.841657839
0.01,0,0,0,0.038941535,-0.006664372,-0.003048256,0.0330455,0.115995925,0.322863295,-0.250814637,0.029230215,0.040040126,9.839083965
0.01,0,0,0,0.043778141,-0.005276151,-0.002712733,0.037581465,0.115488962,0.215799008,-0.164221276,0.052093492,0.014338084,9.824296365
0.01,0,0,0,0.048020981,-0.007434586,0.000137232,0.043627366,0.181335739,0.279157411,-0.244102812,0.051937574,0.036876122,9.828388958
0.01,0,0,0,0.054169039,-0.008763598,0.001154789,0.048891636,0.140478206,0.249297897,-0.310749177,0.03702624,0.016821667,9.839983597
0.01,0,0,0,0.05838173,-0.007286627,0.002253848,0.053435263,0.049859332,0.253408421,-0.252924429,0.025562824,0.033208167,9.830257888
0.01,0,0,0,0.064010863,-0.008690243,0.002966104,0.055878157,0.092083393,0.464737781,-0.234161195,0.018349409,0.032209592,9.83866795
0.01,0,0,0,0.067554818,-0.008238418,0.001281679,0.059205118,-0.010219505,0.29102597,-0.346718239,0.032579569,0.044949102,9.829553667
0.01,0,0,0,0.073954014,-0.01086232,-0.000166931,0.062565351,0.05375978,0.21213716,-0.241169351,0.02828166,0.047110996,9.846495423
0.01,0,0,0,0.077375619,-0.014136997,0.001654157,0.066982251,0.002059401,0.225520648,-0.252563143,0.042470573,0.031002952,9.845569521
0.01,0,0,0,0.081072751,-0.016214365,0.001174258,0.070979902,-0.108007028,0.341683848,-0.412418795,0.029722045,0.014066162,9.830565031
0.01,0,0,0,0.08434852,-0.017253331,0.000296716,0.077113302,-0.034135352,0.334547013,-0.312283002,0.020333415,0.030486184,9.836608387
0.01,0,0,0,0.090250933,-0.017212423,0.003483092,0.082957622,0.093499654,0.342726854,-0.413461682,0.029570166,0.025421883,9.847997811
0.01,0,0,0,0.095038782,-0.019357665,0.004032833,0.086793391,0.014981856,0.231806409,-0.328978238,0.042363774,0.030987857,9.844864494
0.01,0,0,0,0.09983686,-0.01993885,0.007353711,0.090707412,0.081334896,0.190061856,-0.29584642,0.023702535,0.024355857,9.832365255
0.01,0,0,0,0.104877875,-0.020725794,0.006675315,0.094347501,0.076754696,0.216984877,-0.245590892,0.019021375,0.022882476,9.8315726
0.01,0,0,0,0.111792059,-0.024735771,0.007429923,0.099268353,0.026785831,0.276286739,-0.417595026,0.026887614,0.023842957,9.835672409
0.01,0,0,0,0.118227229,-0.024336303,0.006449059,0.101188539,0.025278204,0.346325359,-0.251642319,0.038472633,0.022057795,9.838420746
0.01,0,0,0,0.122033299,-0.027385011,0.004390792,0.10601625,0.043951482,0.16237806,-0.287060257,0.021373392,0.022747512,9.831038074
0.01,0,0,0,0.127588652,-0.028373218,0.004113397,0.110125791,0.074937725,0.252249046,-0.327641496,0.037252448,8.97E-05,9.856560338
0.01,0,0,0,0.133101797,-0.029647761,0.001428285,0.116989261,0.155177587,0.317961705,-0.257655691,0.032156578,0.038017402,9.830080716
0.01,0,0,0,0.136460348,-0.029064155,0.002551876,0.122785026,-0.026569915,0.288401168,-0.220692364,0.026981109,0.023005404,9.860040382
0.01,0,0,0,0.141419069,-0.029360018,0.002150494,0.127276285,1.87E-05,0.344564463,-0.332525144,0.020196716,0.044396982,9.835819574
0.01,0,0,0,0.144373013,-0.032357421,0.003279622,0.131026062,-0.00351625,0.27097606,-0.293670148,0.031924969,0.038593113,9.825732957
0.01,0,0,0,0.149135879,-0.03387106,0.003351191,0.134849015,-0.014732863,0.216902779,-0.322135217,0.026065941,0.019685745,9.839746378
0.01,0,0,0,0.153737051,-0.031823645,0.002522457,0.14014276,-0.035240452,0.11177559,-0.257832393,0.040733868,0.015926226,9.844733745
0.01,0,0,0,0.15610071,-0.032304335,0.001722688,0.146439312,-0.037354225,0.267053063,-0.319899644,0.043947079,0.023281817,9.830122839
0.01,0,0,0,0.160412045,-0.033196948,0.002690464,0.150902008,-0.00063025,0.252257095,-0.336758011,0.025620545,0.01343776,9.850646533
0.01,0,0,0,0.162653653,-0.034978109,0.002176792,0.15574369,0.071428742,0.296819899,-0.289009787,0.040246556,0.027853384,9.846319699
0.01,0,0,0,0.167208644,-0.036642896,0.001959811,0.158137654,0.030169092,0.301382296,-0.265706185,0.036066402,0.017884439,9.845417527
0.01,0,0,0,0.172931191,-0.039953767,0.001827992,0.163343085,-0.023944286,0.300621785,-0.416244816,0.016280926,0.03168848,9.814445573
0.01,0,0,0,0.176373381,-0.043126334,0.004293227,0.167546184,-0.065522,0.277489031,-0.353579214,0.038934887,0.025588924,9.833466897
0.01,0,0,0,0.182396381,-0.042640789,0.006504284,0.172712937,0.07257169,0.174119955,-0.275391034,0.027275445,0.016656705,9.844667847
0.01,0,0,0,0.188358614,-0.043670291,0.006403055,0.175555409,0.031288526,0.41920813,-0.252359682,0.018796638,0.035818655,9.83391007
0.01,0,0,0,0.193699675,-0.044583402,0.008688893,0.181936015,0.056291727,0.28881016,-0.293698033,0.042557036,0.033637921,9.816055184
0.01,0,0,0,0.199841846,-0.049530948,0.008049703,0.186287061,0.067012226,0.229940327,-0.278237555,0.028593529,0.013646614,9.84569085
0.01,0,0,0,0.205813972,-0.050635536,0.00932834,0.190369806,0.061231698,0.35922594,-0.308332282,0.029309695,0.01622147,9.836141907
0.01,0,0,0,0.21127626,-0.053097991,0.008390505,0.194188441,0.067167896,0.321640936,-0.15880171,0.0227157,0.036018153,9.841632518
0.01,0,0,0,0.215441756,-0.057292007,0.008827371,0.198090776,0.060324883,0.262720478,-0.131403002,0.028086794,0.018027377,9.83260932
0.01,0,0,0,0.218918955,-0.059514369,0.005781149,0.202416035,-0.002049765,0.419638734,-0.230667152,0.013097918,0.022421129,9.834244509
0.01,0,0,0,0.225587653,-0.061861753,0.007519027,0.207083616,0.017928959,0.358299368,-0.486168096,0.040976044,0.038110063,9.827913582
0.01,0,0,0,0.232528218,-0.062199366,0.007612888,0.211365507,0.138492731,0.48665333,-0.305449486,0.022962632,0.024316241,9.848004058
0.01,0,0,0,0.23642815,-0.064031292,0.006345475,0.215229691,0.031236087,0.273596101,-0.340963553,0.037089309,0.027473252,9.847964683
0.01,0,0,0,0.238964368,-0.067338164,0.0048525,0.22102487,-0.090172536,0.251713704,-0.287967433,0.042214587,0.041565316,9.823679098
0.01,0,0,0,0.24448444,-0.066983001,0.005408338,0.227437787,-0.014596802,0.314865904,-0.362485177,0.031035928,0.018684883,9.820189033
0.01,0,0,0,0.250617785,-0.06611774,0.002248762,0.23262064,0.05217112,0.208339405,-0.341254944,0.010865944,0.031830666,9.84924992
0.01,0,0,0,0.255073387,-0.067484881,0.002122553,0.236439985,0.153909475,0.270992467,-0.331343286,0.035396785,0.015729939,9.834581017
0.01,0,0,0,0.26140477,-0.072179737,0.003934329,0.2395285,0.028899561,0.250455842,-0.209425554,0.03490127,0.028778889,9.846425896
0.01,0,0,0,0.262916832,-0.073263267,0.002205079,0.242435477,-0.077078207,0.246884521,-0.286515741,0.053374551,0.027369721,9.838951912
0.01,0,0,0,0.268235399,-0.073511624,0.002375004,0.247146463,0.101384361,0.339209234,-0.325744876,0.037799804,0.009518271,9.837371272
0.01,0,0,0,0.271929428,-0.076189258,0.002349375,0.252705955,0.102578219,0.259115973,-0.333219395,0.013743944,0.021216758,9.82560319
0.01,0,0,0,0.276447604,-0.076677706,0.001957876,0.252414535,-0.028251371,0.322542255,-0.273728272,0.038695103,0.032206105,9.834805805
0.01,0,0,0,0.280611464,-0.078093128,0.000813503,0.256137691,0.064298413,0.199500243,-0.341578794,0.017757691,0.031988863,9.82755753
0.01,0,0,0,0.285278685,-0.081530105,0.001132557,0.259580064,0.110320112,0.288684042,-0.271941432,0.015838423,0.014783248,9.843052416
0.01,0,0,0,0.290413972,-0.082180631,0.00309078,0.261443447,0.026473712,0.271657349,-0.386108493,0.040026592,0.023995586,9.834758625
0.01,0,0,0,0.295492553,-0.080953309,0.00317004,0.265414688,0.021714222,0.266151364,-0.272046241,0.026388994,0.02664093,9.841662879
0.01,0,0,0,0.299029252,-0.081711811,0.004476337,0.271291796,-0.022103692,0.212661951,-0.321622214,0.032358164,0.041491647,9.847345314
0.01,0,0,0,0.305291667,-0.082925011,0.003793262,0.277438117,0.084034036,0.313710253,-0.268794912,0.036131029,0.004609732,9.840172821
0.01,0,0,0,0.310019388,-0.085882763,0.003432123,0.280087435,0.054483923,0.266546071,-0.345728414,0.023934575,0.015184992,9.841526106
0.01,0,0,0,0.314808501,-0.085483888,0.000784067,0.284588242,-0.016263652,0.313283316,-0.272760354,0.027804865,0.008969817,9.817544184
0.01,0,0,0,0.318315833,-0.085172057,0.00293409,0.289115944,0.108349712,0.25196519,-0.498693575,0.027347958,0.039059867,9.844555172
0.01,0,0,0,0.326101246,-0.088539284,0.003041861,0.296422168,-0.076805494,0.260628451,-0.223922278,0.036567752,0.03730814,9.821977249
0.01,0,0,0,0.330438403,-0.090763773,0.003476861,0.301910057,0.124255879,0.314355154,-0.151024021,0.018812583,0.015710245,9.829114522
0.01,0,0,0,0.336571333,-0.091924904,0.005405816,0.306179333,0.027303396,0.390862436,-0.307364463,0.026212771,0.034615424,9.830037948
0.01,0,0,0,0.340268841,-0.093686975,0.006994169,0.309378957,0.02064691,0.185789123,-0.362377425,0.029393276,0.022712748,9.83884047
0.01,0,0,0,0.343784842,-0.093058325,0.008289759,0.3141743,-0.026000414,0.472721674,-0.457447275,0.028208401,0.01965776,9.831926039
0.01,0,0,0,0.34939636,-0.095968697,0.008301524,0.316764278,0.038322003,0.244318493,-0.261369672,0.021485695,0.016413712,9.854551076
0.01,0,0,0,0.354232755,-0.096072647,0.005905411,0.321162503,0.166363903,0.296877608,-0.242776344,0.040988933,0.011199692,9.841483168
0.01,0,0,0,0.359993459,-0.098175153,0.00611893,0.322941891,0.049354042,0.348316508,-0.377478194,0.028748954,0.030472555,9.84423222
0.01,0,0,0,0.364672989,-0.09926016,0.008866204,0.326615238,0.061123962,0.272363782,-0.425667688,0.028271818,0.028029187,9.82781008
0.01,0,0,0,0.369412874,-0.100816718,0.006738658,0.33049443,-0.046273578,0.331300533,-0.289883289,0.048155544,0.033028713,9.843120487
0.01,0,0,0,0.374975443,-0.101337036,0.004992811,0.334409649,0.139504118,0.23778958,-0.36320071,0.025683276,0.027314834,9.828027206
0.01,0,0,0,0.37990177,-0.103956972,0.004556128,0.337220879,0.020245999,0.36378188,-0.271910474,0.047373705,0.035673713,9.83642652
0.01,0,0,0,0.385420949,-0.105105639,0.002350452,0.341036607,0.00157462,0.330704613,-0.178763229,0.027937085,0.034266228,9.847119639
0.01,0,0,0,0.389308057,-0.103862947,0.001314678,0.345041931,0.006248376,0.251177227,-0.277387378,0.033150528,0.027930664,9.828624434
0.01,0,0,0,0.394592013,-0.101858623,0.003391909,0.348301331,0.042756282,0.301527893,-0.239565395,0.036510681,0.037786855,9.837307233
0.01,0,0,0,0.39822627,-0.103426558,0.004208361,0.352710537,0.19700197,0.326366731,-0.313797128,0.035657812,0.024117663,9.846726573
0.01,0,0,0,0.404106212,-0.105293341,0.003316641,0.356729649,-0.047106027,0.22563263,-0.330847143,0.007434018,0.016276171,9.833521596
0.01,0,0,0,0.406627967,-0.10697384,0.002725109,0.360738397,0.054593005,0.313835141,-0.371446465,0.044803825,0.029540719,9.837211835
0.01,0,0,0,0.411289187,-0.107653586,0.000963891,0.365923491,-0.013842131,0.346874281,-0.374560319,0.044075745,0.021501915,9.834587837
0.01,0,0,0,0.415799625,-0.109968071,0.001193073,0.36738475,0.03275458,0.244569631,-0.362419369,0.046526601,0.018169611,9.837600162
0.01,0,0,0,0.421932489,-0.111815966,0.001730557,0.370235835,0.035359045,0.198383256,-0.160417834,0.02679017,0.032538147,9.8463053
0.01,0,0,0,0.425555226,-0.115086186,0.005520598,0.37364337,0.060953002,0.238296603,-0.172684107,0.018644658,0.020981277,9.840676664
0.01,0,0,0,0.42964692,-0.117856745,0.007023415,0.379477238,-0.09568146,0.212054131,-0.232553529,0.025087054,0.013802202,9.847305597
0.01,0,0,0,0.434391333,-0.119338256,0.007675204,0.383236534,0.062004472,0.301077028,-0.136501023,0.020275117,0.040576429,9.850251355
0.01,0,0,0,0.438826233,-0.120813661,0.008343324,0.389269565,-0.04883465,0.276079319,-0.359095087,0.049189692,0.025229949,9.840084527
0.01,0,0,0,0.442238574,-0.119571452,0.007391969,0.392498497,0.240786051,0.292690888,-0.282164608,0.036920472,0.040793928,9.841812366
0.01,0,0,0,0.447446321,-0.11867438,0.008259949,0.396308956,0.018904467,0.3349437,-0.283044414,0.023787099,0.03026011,9.851014663
0.01,0,0,0,0.453477154,-0.120913034,0.011703101,0.398491311,0.105730224,0.263190483,-0.305511108,0.029606474,0.037196601,9.839968547
0.01,0,0,0,0.458316185,-0.119828068,0.012827548,0.403579832,0.144871365,0.438901858,-0.321748364,0.026682724,0.037504501,9.839257031
0.01,0,0,0,0.462569267,-0.122149729,0.012784383,0.407018176,0.122152152,0.232266031,-0.269957203,0.036857029,0.026370007,9.833385222
0.01,0,0,0,0.466822854,-0.122247611,0.014881595,0.410567019,0.064486318,0.318156082,-0.271373802,0.037672314,0.029603604,9.829006991
0.01,0,0,0,0.471367002,-0.123227739,0.013432786,0.41403884,0.054961175,0.31388138,-0.286171163,0.038821611,0.036740414,9.832778067
0.01,0,0,0,0.47694599,-0.126885046,0.013521578,0.418346667,0.157069525,0.242581035,-0.363785768,0.023258681,0.044555532,9.838616807
0.01,0,0,0,0.48208185,-0.130347208,0.013980376,0.422455954,-0.029193573,0.417779012,-0.355722811,0.043418637,0.034826089,9.832826441
0.01,0,0,0,0.485440021,-0.132978004,0.01570245,0.425702674,0.000164511,0.350697049,-0.225702675,0.02572494,0.029192573,9.834931768
0.01,0,0,0,0.491641371,-0.133016314,0.016423972,0.427189611,0.125678555,0.398252322,-0.270986898,0.049954493,0.030835567,9.843082779
0.01,0,0,0,0.497073042,-0.134967226,0.016628143,0.429966966,0.121067716,0.519885881,-0.287009785,0.026062579,0.018879931,9.835440976
0.01,0,0,0,0.50000717,-0.134308247,0.016364892,0.433015294,0.041444906,0.3048041,-0.273575621,0.035360479,0.015409429,9.839225846
0.01,0,0,0,0.504923565,-0.135397372,0.016920778,0.437570035,-0.052660292,0.30404485,-0.234562478,0.02294716,0.013515763,9.836384834
0.01,0,0,0,0.510595427,-0.137976808,0.015874257,0.442002837,-0.021478876,0.269831217,-0.356280533,0.029249007,0.024649122,9.84297028
0.01,0,0,0,0.513956952,-0.140288716,0.01698055,0.446048566,-0.003700704,0.448387864,-0.306591829,0.024470378,0.025504659,9.820613142
0.01,0,0,0,0.51980318,-0.141492397,0.017625833,0.450950307,-0.008053846,0.258266857,-0.321813149,0.022215819,0.027506313,9.852789867
0.01,0,0,0,0.52500172,-0.14186951,0.019558056,0.455622785,-0.057066373,0.474763424,-0.176380262,0.032641453,0.040407346,9.844042325
0.01,0,0,0,0.529588126,-0.142452434,0.021570004,0.459354884,0.005467963,0.362416235,-0.268017746,0.040565502,0.03886146,9.826852956
0.01,0,0,0,0.535703347,-0.143750027,0.021323243,0.460529969,0.084813678,0.288940709,-0.319298769,0.02180198,0.028286336,9.845246787
0.01,0,0,0,0.540829304,-0.144752529,0.023447453,0.464708167,-0.03435004,0.351432469,-0.319060851,0.018449525,0.015090094,9.852188808
0.01,0,0,0,0.545413548,-0.146052313,0.025315238,0.468411368,0.084804168,0.314657837,-0.202422021,0.032928792,0.01250764,9.83906812
0.01,0,0,0,0.550312694,-0.146745742,0.027780989,0.470214529,0.0951178,0.356203199,-0.277380125,0.028703731,0.042077263,9.846362506
0.01,0,0,0,0.557418837,-0.147328877,0.028274649,0.474410251,0.038500411,0.425451704,-0.305570292,0.035190624,0.016245502,9.844707945
0.01,0,0,0,0.562830028,-0.148095632,0.027556716,0.479772423,0.022779182,0.165452314,-0.312721679,0.052312621,0.027667903,9.833996427
0.01,0,0,0,0.568003331,-0.147730969,0.029058629,0.483162504,0.011929125,0.395393938,-0.227643763,0.030493755,0.039054728,9.835266576
0.01,0,0,0,0.572851546,-0.149674255,0.026399842,0.48796127,0.092988938,0.218187073,-0.385282856,0.024298287,0.008188355,9.85284942
0.01,0,0,0,0.578892798,-0.152015412,0.028372298,0.492797493,0.109266977,0.266132021,-0.294258121,0.03862795,0.03186263,9.838915724
0.01,0,0,0,0.584767429,-0.152339224,0.026857163,0.4960701,0.020110469,0.286562355,-0.246414647,0.03579002,0.023735528,9.8547478
0.01,0,0,0,0.590052081,-0.153654606,0.025955918,0.5004654,0.16920544,0.196657195,-0.411062754,0.043652949,0.032606627,9.82921938
0.01,0,0,0,0.596218767,-0.154450428,0.025344466,0.502900581,0.06988315,0.328354204,-0.262468147,0.056469983,0.028986584,9.842343227
0.01,0,0,0,0.602066067,-0.156087737,0.025094013,0.504436329,0.08956396,0.274069183,-0.388696863,0.02545894,0.030526803,9.847451449
0.01,0,0,0,0.60299967,-0.155587307,0.024426939,0.507781658,0.189274229,0.333294733,-0.275127318,0.034577724,0.013760075,9.833503393
0.01,0,0,0,0.605606084,-0.153558262,0.022592872,0.514446093,-0.010077446,0.327498273,-0.261951119,0.012111424,0.041869329,9.853181758
0.01,0,0,0,0.609288677,-0.156699025,0.020905914,0.519176685,0.083195946,0.245035256,-0.384358866,0.032410829,0.022172665,9.846668895
0.01,0,0,0,0.61484315,-0.158563639,0.021202647,0.525356684,-0.019053954,0.410514198,-0.339585272,0.038285267,0.019193005,9.838607827
0.01,0,0,0,0.619955234,-0.159244812,0.021583444,0.526587896,0.037986648,0.230917324,-0.394664462,0.018797774,0.023292172,9.840195533
0.01,0,0,0,0.62421496,-0.161012676,0.022459261,0.53010423,0.023267946,0.243151959,-0.256516453,0.039289061,0.021869177,9.834441638
0.01,0,0,0,0.627897831,-0.162854972,0.022514739,0.532261079,0.043436233,0.241923693,-0.315680064,0.030012635,0.020702611,9.833119673
0.01,0,0,0,0.634551874,-0.164003088,0.024275952,0.536719351,0.057005097,0.255033845,-0.357872742,0.041003591,0.020071085,9.838050286
0.01,0.37037037,0,0,0.71266367,-0.088013885,0.0981872,0.617616732,0.003447757,0.337709771,-0.323571583,37.46826457,0.019190742,9.843226406
0.01,0.622770974,0,0,0.844901971,0.035640885,0.225813037,0.748450599,0.207963888,0.409936394,-0.313493194,25.53851789,0.054245032,9.842402445
0.01,0.845257377,0,0,1.02117002,0.205143737,0.394835381,0.922704355,0.109375155,0.210236113,-0.341317161,22.52624145,0.043075251,9.829273496
0.01,1.041375021,0,0,1.237287613,0.415449287,0.606834591,1.139014293,0.158828341,0.262152814,-0.246043777,19.86594002,0.030247357,9.840904864
0.01,1.214249093,0,0,1.486697125,0.660820253,0.852577586,1.389005984,0.15079473,0.325154225,-0.218301885,17.51900647,0.029462113,9.84585309
0.01,1.366634385,0,0,1.769193684,0.936464596,1.129170705,1.671328514,0.12054098,0.295168887,-0.366700056,15.44159469,0.02274333,9.838547903
0.01,1.500959199,0,0,2.079669342,1.236550812,1.434814167,1.978816113,0.183928098,0.264300704,-0.336902325,13.60707868,0.036572632,9.823349586
0.01,1.619364035,0,0,2.415487306,1.564381083,1.766826741,2.310587488,-0.002868998,0.266503956,-0.422367902,12.00126285,0.013022515,9.833680192
0.01,1.723735705,0,0,2.773441701,1.910373061,2.112652115,2.662137148,0.03798245,0.299694639,-0.257547336,10.57785609,0.016320134,9.84798425
0.01,1.815737399,0,0,-3.134989836,2.278350261,2.479506155,3.03322423,0.082700649,0.264300214,-0.234747231,9.340108821,0.00247013,9.82324937
0.01,1.896835189,0,0,-2.74299894,2.659703886,2.864930216,-2.859994143,0.09211091,0.335900402,-0.250159037,8.232679089,0.018041026,9.845795114
0.01,1.968321388,0,0,-2.341784776,3.058445384,-3.016370859,-2.456614715,0.093255881,0.298020617,-0.353944099,7.261524004,0.034780062,9.84038347
0.01,2.03133515,0,0,-1.924959903,-2.815867795,-2.606160459,-2.042574414,0.020303704,0.305796674,-0.346162911,6.420754889,0.035356632,9.830750941
0.01,2.086880614,0,0,-1.495330069,-2.393260607,-2.18281267,-1.615314973,0.025974761,0.295920626,-0.323005878,5.657058373,0.025094358,9.839849121
0.01,2.135842911,0,0,-1.05657057,-1.961583129,-1.748691641,-1.178401041,0.076824238,0.346069344,-0.296784751,4.987707368,0.020436357,9.824963863
0.01,2.17900227,0,0,-0.606399786,-1.52013753,-1.302857832,-0.733228696,0.08095339,0.146852847,-0.207976188,4.386129167,0.020414307,9.831346237
0.01,2.217046445,0,0,-0.150708673,-1.072603596,-0.854572169,-0.280227133,0.00635695,0.235210544,-0.26189179,3.879170862,0.026596226,9.840391807
0.01,2.250581681,0,0,0.312280543,-0.617656614,-0.39649151,0.178297217,-0.044027657,0.355167975,-0.283600746,3.414690329,0.040387872,9.822172381
0.01,2.280142371,0,0,0.781295021,-0.157127442,0.066145484,0.644113392,0.173242609,0.299843326,-0.144033612,3.035021664,0.023834194,9.835387479
0.01,2.306199571,0,0,1.255318257,0.310721482,0.53170588,1.115552987,0.067495062,0.278163935,-0.381348982,2.651464842,0.036260218,9.824872537
0.01,2.329168511,0,0,1.731895905,0.780592188,1.006678966,1.59102026,-0.080252604,0.269694465,-0.233816373,2.364298375,0.027245246,9.845768483
0.01,2.349415206,0,0,2.214632625,1.255157631,1.482718754,2.072609658,0.088806938,0.31279874,-0.191982554,2.082917401,0.028255898,9.84343176
0.01,2.367262293,0,0,2.701145665,1.733847777,1.96208062,2.556416024,0.117404368,0.287504016,-0.293554465,1.853250359,0.021383099,9.825665287
0.01,2.382994169,0,0,-3.092303671,2.215445366,2.446723943,3.042024838,-0.048482555,0.428585467,-0.247251976,1.613434468,0.028665356,9.820936818
0.01,2.396861527,0,0,-2.599696392,2.701473781,2.931532121,-2.752009108,-0.130255524,0.230151899,-0.266879993,1.441307904,0.036722392,9.842130383
0.01,2.409085346,0,0,-2.105085624,-3.091384454,-2.861611877,-2.25915796,0.126576047,0.359596824,-0.227965516,1.257763264,0.027462708,9.839413254
0.01,2.419860416,0,0,-1.609077103,-2.600454551,-2.372615062,-1.765655308,-0.009877295,0.189539844,-0.263036535,1.126790601,0.026316759,9.826940846
0.01,2.429358441,0,0,-1.10807731,-2.109718691,-1.880319839,-1.271539264,-0.026809113,0.250346134,-0.339777013,1.002522061,0.049928718,9.819026657
0.01,2.437730774,0,0,-0.606820126,-1.614886785,-1.384354099,-0.772927041,0.155995869,0.293595616,-0.331553297,0.8723578,0.016619393,9.829033462
0.01,2.44511083,0,0,-0.104636526,-1.119665769,-0.890141637,-0.271577383,0.062918988,0.273823895,-0.317964506,0.780855467,0.025652235,9.841429676
0.01,2.451616213,0,0,0.397911875,-0.623362816,-0.393516621,0.227770723,0.005064105,0.326190368,-0.164704887,0.692531121,0.041107088,9.836517769
0.01,2.457350588,0,0,0.900811051,-0.126282413,0.105303295,0.731245561,0.104090657,0.239454158,-0.366546588,0.622842555,0.025948584,9.820156042
0.01,2.462405333,0,0,1.408379307,0.370011392,0.606825225,1.234588559,-0.07671601,0.313006361,-0.260514244,0.547422842,0.030888323,9.820616979
0.01,2.466860997,0,0,1.915362326,0.867332591,1.107313316,1.738249273,0.088843161,0.324820285,-0.229594929,0.474100709,0.037955397,9.819698454
0.01,2.470788583,0,0,2.421621579,1.366741314,1.6116111,2.243747495,0.200994054,0.366772181,-0.306267806,0.43129614,0.033207288,9.837862983
0.01,2.474250677,0,0,2.930346124,1.866162085,2.11526519,2.747051708,0.080412536,0.305809303,-0.254266021,0.367187731,0.042402823,9.858532413
0.01,2.477302448,0,0,-2.844752693,2.366987753,2.617898892,-3.029365339,0.000339625,0.228382351,-0.157329709,0.326176834,0.022745327,9.845451171
0.01,2.479992529,0,0,-2.335159488,2.867307984,3.118654377,-2.521908157,0.045912733,0.239407722,-0.36622131,0.31218583,0.024828079,9.825978913
0.01,2.482363784,0,0,-1.825281559,-2.915738332,-2.660579903,-2.014140438,-0.018187724,0.251721657,-0.285363558,0.264569109,0.014133224,9.852614011
0.01,2.484454003,0,0,-1.313994621,-2.414062932,-2.155905156,-1.507361796,0.16634906,0.307844112,-0.171934284,0.234844429,0.042078844,9.861885631
0.01,2.486296491,0,0,-0.802673841,-1.912323752,-1.650848915,-0.999780624,-0.081626046,0.340207219,-0.414345611,0.209682684,0.018832455,9.845021732
0.01,2.487920611,0,0,-0.294490158,-1.412161843,-1.143362748,-0.492012972,-0.049774176,0.358748091,-0.287382071,0.198305401,0.042008226,9.846343012
0.01,2.489352242,0,0,0.216476183,-0.90910161,-0.636547964,0.015079113,-0.008526529,0.311442596,-0.209460813,0.181990342,0.027719103,9.819029569
0.01,2.490614199,0,0,0.729579564,-0.404983719,-0.132410367,0.526188931,0.110368583,0.298450872,-0.238194231,0.162981949,0.01775202,9.835172165
0.01,2.49172659,0,0,1.243052643,0.099084096,0.371893437,1.035192063,0.038193621,0.257031099,-0.276817366,0.146162084,0.046409138,9.820737995
0.01,2.492707142,0,0,1.751767518,0.604350643,0.877616138,1.541621644,0.047856748,0.223894491,-0.339193711,0.128772072,0.033905299,9.821086736
0.01,2.493571481,0,0,2.264108324,1.108488169,1.382835849,2.051190843,0.149986185,0.267908502,-0.344923598,0.128815279,0.025026532,9.851316892
0.01,2.494333379,0,0,2.774236912,1.612345967,1.888360306,2.561623163,-0.003493804,0.244552339,-0.401560583,0.095183507,0.025041761,9.846688659
0.01,2.495004979,0,0,-2.99268448,2.115470509,2.392709298,3.069975492,0.026748571,0.233320015,-0.401868454,0.093409097,0.025121777,9.845254937
0.01,2.495596981,0,0,-2.479938286,2.61982096,2.901142144,-2.703482725,0.016937981,0.272006155,-0.367422637,0.092115735,0.017309137,9.833941689
0.01,2.496118821,0,0,-1.966362828,3.124018114,-2.875928283,-2.196178998,0.11693969,0.202384571,-0.301805653,0.090949656,0.032685828,9.828609921
0.01,2.496578812,0,0,-1.453827107,-2.656521503,-2.369174033,-1.683998811,0.055031592,0.299860996,-0.330062714,0.08043756,0.023185458,9.841471456
0.01,2.496984286,0,0,-0.938838409,-2.151310745,-1.863343272,-1.174271277,-0.031770619,0.352327034,-0.320647662,0.06684153,0.021732764,9.830593958
0.01,2.497341704,0,0,-0.424991957,-1.647604687,-1.356784391,-0.665315578,-0.067288033,0.317214305,-0.349861713,0.076589017,0.025331482,9.829692479
0.01,2.497656762,0,0,0.088120743,-1.143585071,-0.848741241,-0.154538787,0.167669405,0.239664624,-0.28821102,0.06958234,0.021654464,9.841664115
0.01,2.497934479,0,0,0.599003151,-0.636862803,-0.342534709,0.356628079,0.085827205,0.308474921,-0.318157714,0.044103331,0.045791069,9.8334325
0.01,2.498179281,0,0,1.114604393,-0.13435621,0.164696747,0.868023837,-0.038303357,0.300586564,-0.264384533,0.057709808,0.026633967,9.835574338
0.01,2.49839507,0,0,1.627985481,0.370120162,0.670868154,1.377797396,0.024688349,0.399824203,-0.296390303,0.067652906,0.006949325,9.837401929
0.01,2.498585284,0,0,2.143388138,0.872042797,1.178407171,1.88839259,0.052255411,0.263211962,-0.215114319,0.066395503,0.011402189,9.835450857
0.01,2.498752954,0,0,2.656271867,1.379821502,1.686812623,2.399960842,0.087723788,0.345346639,-0.20877189,0.055804257,0.017178719,9.832690251
0.01,2.498900752,0,0,-3.114179894,1.883577255,2.194974948,2.909094393,0.022600661,0.300793403,-0.258732145,0.056935582,0.039813037,9.841562745
0.01,2.499031033,0,0,-2.600751157,2.391641223,2.700574009,-2.865201225,0.003555663,0.252187718,-0.294778777,0.036662786,0.021919876,9.8152119
0.01,2.499145874,0,0,-2.086728386,2.89491453,-3.07434193,-2.352361394,0.186842427,0.376127489,-0.409748084,0.042788029,0.043559387,9.83899111
0.01,2.499247104,0,0,-1.573243856,-2.881764611,-2.567269343,-1.842075828,0.070284996,0.27455228,-0.301683797,0.056192659,0.020717133,9.837176371
0.01,2.499336336,0,0,-1.058682212,-2.376110456,-2.061353629,-1.333266321,-0.010605832,0.256047115,-0.406677509,0.034391186,0.02782816,9.835401817
0.01,2.499414992,0,0,-0.544604597,-1.871102371,-1.556053459,-0.822855035,0.02498917,0.311765619,-0.293432203,0.054639365,0.020416317,9.850152591
0.01,2.499484327,0,0,-0.029135734,-1.365802411,-1.050574188,-0.314305128,-0.019455021,0.292260834,-0.349544892,0.024941574,0.010695973,9.837462565
0.01,2.499545443,0,0,0.483304336,-0.861385064,-0.54249884,0.197393323,0.095853959,0.317142951,-0.34252819,0.043151838,0.01791745,9.843437528
0.01,2.499599317,0,0,0.997826872,-0.355691678,-0.039761185,0.708704118,0.13118401,0.291046362,-0.362337757,0.019570463,0.034451291,9.835460491
0.01,2.499646805,0,0,1.511160374,0.150903109,0.467386445,1.218962233,0.143255398,0.406775629,-0.257341923,0.045497984,0.029919269,9.836941941
0.01,2.499688665,0,0,2.024308347,0.658118319,0.976162188,1.730395355,0.036500335,0.314721632,-0.293263601,0.025332739,0.029222394,9.829564493
0.01,2.499725564,0,0,2.537198928,1.165027462,1.480914462,2.241851753,0.109112456,0.303969323,-0.282935313,0.018417159,0.031641656,9.828132172
0.01,2.49975809,0,0,3.049335783,1.669244659,1.988338022,2.753109482,-0.061354183,0.204825217,-0.325159393,0.065840879,0.030044258,9.84676159
0.01,2.499786761,0,0,-2.721957643,2.176465019,2.494902985,-3.01769423,0.04370423,0.335608237,-0.26644083,0.051028061,0.028243472,9.842019212
0.01,2.499812034,0,0,-2.208557329,2.682316496,3.004460556,-2.506244347,-0.024279589,0.320552604,-0.396132138,0.039074736,0.02906337,9.826874484
0.01,2.499834311,0,0,-1.69605223,-3.093925664,-2.768895917,-1.998120511,0.039692379,0.373555736,-0.41281212,0.051780449,0.025701292,9.836851164
0.01,2.499853948,0,0,-1.181831647,-2.590095475,-2.260943917,-1.485500443,-0.008340352,0.403732401,-0.180821982,0.03524288,0.031557226,9.841096733
0.01,2.499871258,0,0,-0.667263673,-2.084836362,-1.754434161,-0.97591387,-0.062963944,0.099676816,-0.376114625,0.052120152,0.041959826,9.8363646
0.01,2.499886516,0,0,-0.153857959,-1.577715794,-1.248186979,-0.464740377,-0.043982253,0.213744375,-0.271147785,0.047836212,0.029101038,9.835576736
0.01,2.499899966,0,0,0.35945209,-1.072381923,-0.741090939,0.046658901,-0.008353837,0.278207367,-0.341531828,0.026774723,0.024459869,9.855963037
0.01,2.499911822,0,0,0.873668516,-0.565785845,-0.234623801,0.5565268,0.021313995,0.131864076,-0.39699691,0.031670642,0.033114013,9.829607262
0.01,2.499922273,0,0,1.387106954,-0.059361991,0.272956058,1.06546252,0.12224607,0.30239038,-0.41278717,0.020315855,0.029562476,9.820473178
0.01,2.499931485,0,0,1.899352352,0.444792684,0.779042209,1.573852476,0.126588157,0.305255593,-0.369802764,0.025446585,0.02097166,9.829888357
0.01,2.499939605,0,0,2.412483269,0.948731659,1.285792468,2.085555696,-0.016320423,0.354599498,-0.224679574,0.03660555,0.050671687,9.840760489
0.01,2.499946763,0,0,2.927615946,1.452371526,1.792757496,2.597619191,-0.017648723,0.227045646,-0.212734871,0.017138266,0.022821507,9.822731838
0.01,2.499953073,0,0,-2.842295587,1.95633591,2.298480647,3.108297761,-0.052594652,0.253888997,-0.225369683,0.033788443,0.041256419,9.842001382
0.01,2.499958634,0,0,-2.329561843,2.46393852,2.804117169,-2.663604525,0.038736491,0.354859304,-0.267144418,0.025212051,0.022719724,9.847987031
0.01,2.499963537,0,0,-1.814902174,2.967870258,-2.97220322,-2.152528215,0.026630942,0.227458512,-0.450306324,0.025266844,0.044110676,9.829228934
0.01,2.499967859,0,0,-1.298781352,-2.810425047,-2.465654303,-1.642323184,0.017966015,0.256150687,-0.260580684,0.047897476,0.018164609,9.843796893
0.01,2.499971668,0,0,-0.783791903,-2.305967663,-1.959553921,-1.133475915,0.146327842,0.202027482,-0.245712522,0.044682099,0.022063115,9.818509908
0.01,2.499975026,0,0,-0.269928508,-1.800387053,-1.453194595,-0.622479403,0.109513097,0.156549841,-0.369169389,0.016923624,0.033696053,9.852571315
0.01,2.499977986,0,0,0.243415777,-1.294527213,-0.946165856,-0.112684619,0.098656283,0.117384095,-0.365900416,0.039514196,0.039457193,9.834678275
0.01,2.499980595,0,0,0.756573743,-0.79003255,-0.438521357,0.399220444,0.086618681,0.169245275,-0.254562149,0.038592421,0.02159342,9.821773534
0.01,2.129612524,0,0,1.194541849,-0.361506202,-0.006054916,0.834663205,0.112341574,0.332680711,-0.229425436,-37.40654902,0.026973442,9.841196456
0.01,1.803139929,0,0,1.566269621,0.004815635,0.360597056,1.203203309,-0.020505125,0.314653742,-0.342826881,-32.97985444,0.029873643,9.823936
0.01,1.515360382,0,0,1.878184829,0.310542873,0.66818669,1.513910375,0.031991365,0.470420182,-0.286706538,-29.06132177,0.036362102,9.840425488
0.01,1.26168804,0,0,2.14136513,0.56415983,0.922319204,1.772401453,0.039228314,0.330220468,-0.30352844,-25.6124269,0.022849593,9.850365077
0.01,1.038080569,0,0,2.35684597,0.773330855,1.135409706,1.985621506,0.047882017,0.320763903,-0.196455755,-22.56290549,0.017555603,9.83240495
0.01,0.840974724,0,0,2.532749496,0.941350174,1.307035584,2.159471899,0.083212136,0.338753407,-0.235412425,-19.88921526,0.026653451,9.817566646
0.01,0.667229571,0,0,2.675883882,1.073690918,1.443237282,2.299203224,-0.037676675,0.31515324,-0.364533661,-17.53432752,0.031786737,9.841997684
0.01,0.514076437,0,0,2.784415922,1.174203924,1.546992197,2.407046698,0.107981557,0.289616583,-0.266088818,-15.44305014,0.027824674,9.821578333
0.01,0.379074785,0,0,2.867737888,1.251852977,1.626775868,2.487721807,-0.035310928,0.171550029,-0.242147739,-13.61055618,0.017032064,9.847617217
0.01,0.260073368,0,0,2.924758487,1.304499124,1.680250464,2.542105571,-0.037893151,0.252224345,-0.40240061,-12.02344649,0.016849658,9.83716613
0.01,0.155180279,0,0,2.961399877,1.334941056,1.711206452,2.579475195,-0.029697118,0.32641677,-0.34427379,-10.55510213,0.033468347,9.819003503
0.01,0.063012364,0,0,2.978363873,1.34784874,1.724859052,2.598054914,0.152595597,0.305326072,-0.360510442,-9.288020038,0.041567929,9.831459902
0.01,-0.007502603,0,0,2.979375173,1.34479527,1.723136571,2.601708743,0.031893333,0.25758072,-0.260052135,-7.095999456,0.023491355,9.84777159
0.01,0.004418886,0,1.851851852,2.909034371,1.420507104,1.648240161,2.681304567,0.107682311,0.329707724,1.613557851,1.239892851,0.024074412,9.8368667
0.01,0.003895157,2.22E-17,3.113854872,2.787015599,1.547500135,1.523821271,2.813650645,0.010004907,0.287214149,2.995994084,-0.026943988,0.026091089,9.843336554
0.01,0.003433508,-4.44E-17,4.226286887,2.623245421,1.719999093,1.354562948,2.98814727,0.018774522,0.312970223,3.952312724,-0.008279083,0.024224509,9.826415496
0.01,0.003026574,-4.44E-17,5.206875108,2.41597578,1.931505902,1.144335231,-3.079135333,0.077716111,0.270995048,4.845453239,-0.006755115,0.021058644,9.823295496
0.01,0.002667869,0,6.071245466,2.173672038,2.175312185,0.899750559,-2.827876438,0.079737447,0.279220456,5.83206005,0.00197045,0.021165259,9.844316731
0.01,0.002351677,0,6.833171929,1.9020905,2.450781233,0.623643528,-2.545090072,-0.046830644,0.260930934,6.599003085,0.020392481,0.044454406,9.846009442
0.01,0.00207296,0,7.504795997,1.60417962,2.753081007,0.320353086,-2.236451404,-0.028244637,0.395871168,7.17320598,-0.004264018,0.031633915,9.840984176
0.01,0.001827276,-8.88E-17,8.096820175,1.278980002,3.08164992,-0.009212046,-1.903523751,0.00162846,0.203239654,7.892213826,-0.004537122,0.026885434,9.813863484
0.01,0.00161071,-8.88E-17,8.618678525,0.932740751,-2.854177097,-0.357201065,-1.551225587,0.001407981,0.224649383,8.400489346,0.017713815,0.044108433,9.838391856
0.01,0.001419811,0,9.078686996,0.569306664,-2.487064527,-0.723693216,-1.178005853,0.161278116,0.291667983,8.986493382,0.015372667,0.032550558,9.855553677
0.01,0.001251537,-8.88E-17,9.484175944,0.189167331,-2.10218917,-1.107038178,-0.790831561,0.008535595,0.300361314,9.256401928,5.48E-05,0.033541945,9.856027397
0.01,0.001103207,0,9.841606944,-0.204721998,-1.707684799,-1.509020716,-0.387314882,0.100994114,0.285149611,9.615015265,0.017444264,0.023019445,9.833990267
0.01,0.000972456,0,10.15667575,-0.614409509,-1.295974589,-1.9213751,0.026477896,0.079163178,0.268454672,10.04486644,0.021066584,0.032865622,9.850290822
0.01,0.000857202,8.88E-17,10.43440307,-1.033108509,-0.874336915,-2.344345826,0.453804776,-0.016175572,0.256563773,10.33861413,0.020912717,0.030316814,9.826782082
0.01,0.000755608,8.88E-17,10.67921456,-1.462448519,-0.441293275,-2.777466122,0.889065874,0.106603701,0.468697811,10.52682966,0.034437641,0.027628005,9.849835765
0.01,0.000666054,0,10.89501135,-1.899691674,0.000264343,3.063311774,1.334412823,0.120603813,0.360511364,10.78511159,0.009591893,0.012327714,9.838266903
0.01,0.000587115,0,11.08523223,-2.344746279,0.447437113,2.613568249,1.788725785,-0.025041891,0.279855257,10.93460118,0.029613378,0.025713787,9.850209159
0.01,0.000517531,0,11.25290841,-2.796705075,0.902216189,2.155624792,2.249506186,-0.065535003,0.253446689,11.15842444,0.037103407,0.03520872,9.843192764
0.01,0.000456194,8.88E-17,11.40071186,3.02727289,1.363697653,1.691666905,2.715457653,0.124885052,0.333875161,11.27243225,0.013163798,0.008278889,9.839959006
0.01,0.000402126,-8.88E-17,11.53099786,2.560641513,1.831122183,1.224124612,-3.093678301,-0.031644813,0.263731764,11.38946697,0.03721961,0.007764421,9.844551712
0.01,0.000354467,0,11.64584256,2.091381025,2.302336723,0.750543992,-2.6193393,-0.087261112,0.304685854,11.46126945,0.034450284,0.027683172,9.838744945
0.01,0.000312456,0,11.74707603,1.616834273,2.77837719,0.272746679,-2.140825783,0.152849059,0.418741417,11.56470043,0.025705119,0.032318563,9.828161068
0.01,0.000275424,0,11.83631146,1.139593581,-3.027541652,-0.209503305,-1.656749559,0.160138456,0.411363721,11.7308512,0.036854493,0.047934318,9.82802712
0.01,0.000242781,-8.88E-17,11.91497085,0.660330702,-2.544783084,-0.689827214,-1.169247851,0.138419617,0.334651152,11.74226884,0.029360833,0.019153987,9.840054422
0.01,0.000214007,-8.88E-17,11.98430763,0.177521416,-2.060625352,-1.175362501,-0.681937873,0.066575805,0.19122701,11.86590775,0.035861182,0.033769907,9.841449749
0.01,0.000188643,0,12.04542673,-0.306420479,-1.575020582,-1.666537656,-0.191986602,0.063069032,0.212720157,11.8720186,0.033838286,0.031544435,9.845864147
0.01,0.000166286,8.88E-17,12.09930208,-0.792898448,-1.085837321,-2.156207896,0.302908727,0.09605071,0.308830688,12.01589234,0.0289523,0.026075607,9.855572238
0.01,0.000146578,0,12.1467922,-1.282147734,-0.597951525,-2.647808069,0.801665035,0.087642624,0.392835182,11.98182903,0.023466968,0.042356033,9.834432518
0.01,0.000129206,8.88E-17,12.18865387,-1.771677035,-0.107053306,3.139940214,1.298733871,0.05200942,0.263083384,12.12592137,0.038125935,0.024406931,9.82180147
0.01,0.000113892,0,12.22555415,-2.264931432,0.387135393,2.643660892,1.798733295,0.074033425,0.347013571,12.09824566,0.029878105,0.031067662,9.811067329
0.01,0.000100394,-8.88E-17,10.40622921,-2.682718584,0.808567176,2.223567803,2.224547749,0.061656422,0.304033828,10.28439155,0.012759469,0.004960681,9.820982805
0.01,8.85E-05,-8.88E-17,8.802527975,-3.037044908,1.162975791,1.867472756,2.586147251,0.097043612,0.232327027,8.586464448,0.029492694,0.027430909,9.841044358
0.01,7.80E-05,0,7.388895029,2.948503879,1.460446525,1.569075525,2.890308834,0.024898974,0.21162681,7.189351075,0.021220768,0.032938342,9.837859646
0.01,6.88E-05,0,6.142803767,2.704260042,1.705125578,1.319528499,-3.136818816,0.009993565,0.302197864,6.048646476,0.039053773,0.030414,9.829629363
0.01,6.06E-05,0,5.044397394,2.504423085,1.907120919,1.116735426,-2.92883732,0.067940239,0.37498308,4.893867306,0.049411635,0.022149645,9.826968557
0.01,5.34E-05,-4.44E-17,4.076172518,2.343565542,2.069735932,0.950859028,-2.762506998,0.03040253,0.300638061,3.810485172,0.023404592,0.026031107,9.840891236
0.01,4.71E-05,0,3.22270022,2.218274315,2.197905567,0.821479912,-2.625190959,0.137485024,0.22436061,2.904930851,0.03734977,0.022544759,9.831638513
0.01,4.15E-05,0,2.470380194,2.120922108,2.295071266,0.719979938,-2.520000422,0.104731595,0.309023125,2.141028958,0.043720564,0.020844944,9.839074555
0.01,3.66E-05,1.11E-17,1.807224024,2.050133131,2.368580297,0.647535284,-2.441980977,0.072510114,0.248740521,1.605438057,0.021688143,0.030165447,9.843291211
0.01,3.23E-05,-1.11E-17,1.22266453,2.003056581,2.418297345,0.599619464,-2.386256012,0.000645765,0.303009709,0.918860671,0.029398626,0.017821375,9.844940018
0.01,2.84E-05,0.37037037,0.707427618,1.902450553,2.521300449,0.644254358,-2.427821572,0.078979402,0.33946742,0.475253445,0.02320512,37.42539406,9.83650014
0.01,2.50E-05,0.622778744,0.62354522,1.751856805,2.67016593,0.745580045,-2.522628935,0.067839778,0.22194598,0.304499157,0.040758001,25.54517812,9.831751821
0.01,2.21E-05,0.845264226,0.549643564,1.561256832,2.861614425,0.894324837,-2.667631326,0.024428947,0.262241804,0.236273057,0.033184047,22.50878223,9.838401099
0.01,1.95E-05,1.041381059,0.484500623,1.333795718,3.091715969,1.087248418,-2.853228637,0.074529963,0.374502143,0.181162104,0.025020456,19.84427464,9.823054418
0.01,1.72E-05,1.214254415,0.427078327,1.07561927,-2.930965487,1.315105276,-3.078152326,-0.021098287,0.312822246,0.220601806,0.043250935,17.48734556,9.832465684
0.01,1.51E-05,1.366639077,0.376461636,0.787969226,-2.639082287,1.576874288,2.946585184,0.111111415,0.284692141,0.023298242,0.039828924,15.42142839,9.835265132
0.01,1.33E-05,1.500963334,0.331843961,0.475089687,-2.32266587,1.866532925,2.658344636,0.02462389,0.405127811,0.032633063,0.034034941,13.62065561,9.833073009
0.01,1.17E-05,1.61936768,0.292514306,0.136412784,-1.986178695,2.184969271,2.347011539,0.032898606,0.30792128,-0.061969998,0.041363551,11.98847096,9.829734095
0.01,1.04E-05,1.723738918,0.257845944,-0.219280615,-1.629520478,2.523795877,2.01190854,-0.004858094,0.391141591,-0.062425381,0.026211022,10.54936587,9.841479911
0.01,9.13E-06,1.815740231,0.227286425,-0.593998058,-1.253576807,2.884461241,1.656423744,0.161845683,0.388776958,0.036528397,0.04328528,9.336211488,9.846904443
0.01,8.05E-06,1.896837685,0.200348774,-0.981119934,-0.862137579,-3.022594643,1.281037929,0.037256692,0.228194165,-0.208567295,0.019925278,8.215815368,9.833183864
0.01,7.09E-06,1.968323589,0.176603734,-1.384252395,-0.457739615,-2.631533882,0.89233435,0.13610552,0.315078089,-0.189033194,0.023764006,7.245372068,9.828438187
0.01,6.25E-06,2.03133709,0.155672922,-1.79956764,-0.04281545,-2.224296926,0.492992378,0.019770752,0.337514785,-0.212775449,0.045697019,6.382006334,9.836088545
0.01,5.51E-06,2.086882324,0.137222797,-2.225990017,0.383684064,-1.806249057,0.080682719,0.032926062,0.210947432,-0.242937293,0.029899794,5.645646975,9.845221978
0.01,4.86E-06,2.135844419,0.120959355,-2.659940453,0.819352206,-1.380223932,-0.34231978,0.106389581,0.307828901,-0.266668419,0.034491495,4.959917532,9.848795415
0.01,4.28E-06,2.179003599,0.106623431,-3.104882749,1.263416897,-0.944866123,-0.774938664,0.097627054,0.232436806,-0.172860106,0.019095543,4.389414593,9.8341199
0.01,3.78E-06,2.217047617,0.09398658,2.726142443,1.716217905,-0.499041604,-1.215650603,0.073240684,0.319956716,-0.218393695,0.020005421,3.876021519,9.840063249
0.01,3.33E-06,2.250582714,0.08284743,2.271301305,2.174027076,-0.046837992,-1.664384847,0.021195189,0.3120118,-0.079957382,0.023711577,3.410898564,9.835228749
0.01,2.93E-06,2.280143281,0.073028475,1.809905215,2.639144484,0.412088635,-2.12024582,-0.024573294,0.305201353,-0.241816221,0.029440336,3.022559525,9.81552003
0.01,2.59E-06,2.306200374,0.064373249,1.345513808,3.108313816,0.876429025,-2.583123752,0.05901181,0.320425834,-0.089374945,0.029821241,2.64707666,9.841668721
0.01,2.28E-06,2.329169218,0.056743827,0.872733081,-2.702255762,1.344966672,-3.048868729,0.065336257,0.213251146,-0.270224739,0.049163743,2.353820596,9.835856344
0.01,2.01E-06,2.349415829,0.050018632,0.397495334,-2.225403625,1.817437923,2.764768446,-0.056133048,0.194414279,-0.240063286,0.036026643,2.069362244,9.837042965
0.01,1.77E-06,2.367262842,0.044090498,-0.082187484,-1.745332677,2.297087283,2.290661953,0.031273255,0.360971372,-0.366007277,0.005131234,1.82921827,9.832190775
0.01,1.56E-06,2.382994654,0.038864958,-0.563582971,-1.260072849,2.778087518,1.814061062,-0.001972987,0.350047625,-0.219365161,0.042903825,1.619149001,9.830150245
0.01,1.38E-06,2.396861954,0.03425874,-1.049055819,-0.77603674,-3.022015139,1.336128931,0.078452664,0.319413107,-0.195551749,0.032563831,1.452295668,9.842556671
0.01,1.21E-06,2.409085722,0.030198445,-1.537102598,-0.285018507,-2.53463602,0.85224455,0.08736045,0.247816259,-0.305053759,0.036271108,1.27358682,9.826925666
0.01,1.07E-06,2.419860748,0.02661937,-2.026529402,0.206081805,-2.046338753,0.367286441,-0.036528325,0.183595738,-0.210516703,0.029813274,1.107839003,9.824865979
0.01,9.42E-07,2.429358733,0.023464482,-2.517413848,0.698130973,-1.552785092,-0.121701715,0.007159205,0.233213752,-0.253384959,0.023833718,0.989851394,9.818760419
0.01,8.31E-07,2.437731032,0.020683506,-3.010146846,1.194352316,-1.057757084,-0.611985235,-0.058049632,0.312199469,-0.425185273,0.029377559,0.870111231,9.870066958
0.01,7.32E-07,2.445111057,0.018232128,2.779489699,1.691831373,-0.563017807,-1.101122441,0.006577229,0.254123576,-0.37487749,0.032590879,0.769122515,9.834484651
0.01,6.46E-07,2.451616414,0.016071283,2.286824163,2.187316188,-0.065888427,-1.594438773,-0.080371413,0.325662433,-0.157152364,0.044423116,0.682252617,9.836090888
0.01,5.69E-07,2.457350765,0.014166538,1.789742878,2.683793933,0.430476243,-2.08758615,-0.009222225,0.313687327,-0.308872707,0.033894493,0.614151875,9.84251595
0.01,5.02E-07,2.462405489,0.012487541,1.291390467,-3.101494054,0.934850129,-2.578765284,0.043931524,0.161468175,-0.354803686,0.034653433,0.55583359,9.836547381
0.01,4.42E-07,2.466861135,0.011007536,0.792622036,-2.602426219,1.434884937,-3.074958903,0.004764136,0.271245473,-0.376525355,0.027367843,0.476264453,9.823187098
0.01,3.90E-07,2.470788704,0.009702939,0.293741939,-2.103935089,1.937479159,2.711653352,-0.073890182,0.271558729,-0.354055735,0.031361231,0.428859858,9.842570898
0.01,3.44E-07,2.474250783,0.008552961,-0.205536853,-1.604371549,2.439312522,2.213300935,0.073405157,0.323753934,-0.311633312,0.027579643,0.371644111,9.847827129
0.01,3.03E-07,2.477302542,0.007539277,-0.705730841,-1.10269477,2.942674432,1.715682975,0.077769798,0.294947921,-0.265439998,0.044674348,0.348846587,9.820354234
0.01,2.67E-07,2.479992611,0.006645733,-1.204334966,-0.60258356,-2.839923948,1.219011237,-0.000385283,0.186473841,-0.291134136,0.02327351,0.292704843,9.839047424
0.01,2.35E-07,2.111993487,0.005858091,-1.630669808,-0.174904888,-2.412379056,0.794354144,-0.028885251,0.493906824,-0.317131447,0.031158781,-37.1370147,9.846080256
0.01,2.07E-07,1.787609074,0.005163798,-1.99147831,0.18745855,-2.050392203,0.439370376,0.107077534,0.211903482,-0.232844424,0.041733249,-32.7435558,9.852754284
0.01,1.83E-07,1.501670221,0.004551793,-2.293178501,0.490529296,-1.745681934,0.138048968,-0.132625696,0.239397746,-0.272476905,0.019926077,-28.85411188,9.82311888
0.01,1.61E-07,1.249620417,0.004012321,-2.543215345,0.744424247,-1.491994195,-0.112069444,-0.049039382,0.233495716,-0.30742113,0.028863959,-25.44867598,9.847859187
0.01,1.42E-07,1.027443182,0.003536787,-2.747635107,0.949427387,-1.284871913,-0.315748659,-0.06173175,0.254709504,-0.260179302,0.044557287,-22.41308705,9.836743117
0.01,1.25E-07,0.831598064,0.003117612,-2.910670183,1.118100254,-1.115990904,-0.478449961,0.153929994,0.314405295,-0.289247944,0.06207489,-19.76243952,9.829370057
0.01,1.10E-07,0.65896422,0.002748117,-3.039520489,1.249635312,-0.983748771,-0.608963924,0.008597475,0.273186488,-0.245478058,0.045719947,-17.42605942,9.841987761
0.01,9.73E-08,0.506790682,0.002422414,-3.136755546,1.351735768,-0.88352938,-0.705372364,0.17373652,0.364227333,-0.299865917,0.046362627,-15.34387391,9.837103793
0.01,8.58E-08,0.372652528,0.002135313,3.074914779,1.425908106,-0.806232394,-0.775358523,-0.057817806,0.297713629,-0.422499852,0.017126589,-13.51820359,9.845642428
0.01,7.56E-08,0.254412278,0.001882235,3.028064431,1.473478856,-0.755508003,-0.823710162,0.019664389,0.232605296,-0.315078089,0.026172459,-11.9023249,9.842356321
0.01,6.66E-08,0.150191276,0.001658731,3.000811763,1.50421278,-0.722161679,-0.848625022,0.169803771,0.257604884,-0.189313769,0.036577981,-10.50226902,9.832950152
0.01,5.78E-08,0.058680315,0.001438079,2.992048614,1.514628127,-0.712560885,-0.85625965,0.08525127,0.317707505,-0.37529255,0.020623812,-9.199991035,9.841123938
0.01,2.36E-08,-0.009416324,0.000588702,2.9989367,1.514204918,-0.714324659,-0.851778623,0.105768352,0.352600324,-0.360974785,0.014735109,-6.858454986,9.819378926
0.01,-1.30E-08,0.005487105,-0.000323004,3.003514611,1.513384035,-0.713104735,-0.84840952,0.055853924,0.295470474,-0.443850221,0.028818683,1.537545381,9.820143934
0.01,7.55E-09,-0.003259773,0.000188085,3.006458712,1.509016161,-0.713035601,-0.843594722,0.11643038,0.244230544,-0.217759579,0.036003636,-0.869059596,9.848390953
0.01,-4.49E-09,0.00194903,-0.00011167,3.010537212,1.505807666,-0.714763717,-0.838993741,0.066367976,0.446564313,-0.2026087,0.032220279,0.562822315,9.836117484
0.01,2.68E-09,-0.001167956,6.68E-05,3.014988141,1.504986796,-0.714153227,-0.833715273,0.014011202,0.415753466,-0.213356151,0.033972797,-0.291998266,9.836964987
0.01,-1.61E-09,0.000700459,-4.00E-05,3.019384059,1.504614643,-0.714083342,-0.828215093,0.093871085,0.380101911,-0.263136171,0.043750356,0.22224945,9.845713858
0.01,9.63E-10,-0.000420207,2.40E-05,3.024503169,1.502610401,-0.716212142,-0.824194792,0.059728958,0.268867569,-0.35996941,0.025851689,-0.084794176,9.848406099
0.01,-5.78E-10,0.00025211,-1.44E-05,3.027272163,1.503414805,-0.718489949,-0.82158197,0.01933056,0.29349853,-0.357777924,0.010129809,0.092571883,9.833578369
0.01,3.47E-10,-0.000151263,8.63E-06,3.030845384,1.50481748,-0.718830819,-0.816307071,0.063802514,0.22095045,-0.294175897,0.024894368,0.003194188,9.852143036
0.01,-2.08E-10,9.08E-05,-5.18E-06,3.035715256,1.504059126,-0.720023865,-0.814484689,0.119507225,0.194656404,-0.229531458,0.034885559,0.052161637,9.837021965
0.01,1.25E-10,-5.45E-05,3.11E-06,3.0395076,1.502382915,-0.72103328,-0.810374882,0.136106312,0.308466522,-0.251585322,0.014203839,0.007465577,9.831843649
0.01,-7.49E-11,3.27E-05,-1.86E-06,3.044331246,1.499808998,-0.719598645,-0.807592015,0.033534272,0.403654375,-0.340280141,0.027999531,0.038438199,9.846456603
0.01,4.49E-11,-1.96E-05,1.12E-06,3.050088921,1.498698138,-0.71727948,-0.803314649,0.008916861,0.383525182,-0.323465228,0.014488868,0.033418115,9.83618573
0.01,-2.70E-11,1.18E-05,-6.71E-07,3.055748442,1.496512758,-0.718289803,-0.796809065,0.161729949,0.325777528,-0.283630866,0.02539165,0.025136512,9.819918007
0.01,1.62E-11,-7.06E-06,4.03E-07,3.061936962,1.493538276,-0.71889087,-0.792962451,0.025000989,0.314453432,-0.35295511,0.017777278,0.039028819,9.836816924
0.01,-9.71E-12,4.23E-06,-2.42E-07,3.066821174,1.49722568,-0.7178856,-0.786654503,-0.046288154,0.136430603,-0.249063529,0.029711151,0.021440662,9.840098251
0.01,5.82E-12,-2.54E-06,1.45E-07,3.072541464,1.497280565,-0.717688838,-0.779911081,0.044329582,0.356149092,-0.299794328,0.032388704,0.021591622,9.806936228
0.01,-3.49E-12,1.52E-06,-8.70E-08,3.078936974,1.499381706,-0.717773369,-0.774214458,0.032133858,0.286479722,-0.31121609,0.017403458,0.03853951,9.83763612
0.01,2.10E-12,-9.15E-07,5.22E-08,3.08332674,1.498547668,-0.71785972,-0.771859199,0.045263305,0.306809324,-0.44372094,0.037432524,0.021490609,9.847481081
0.01,-1.26E-12,5.49E-07,-3.13E-08,3.086389183,1.49875124,-0.718729104,-0.768631544,0.139349715,0.279175301,-0.285352453,0.030482585,0.041600933,9.840742595
0.01,7.55E-13,-3.29E-07,1.88E-08,3.089526615,1.49928842,-0.718419218,-0.764596516,0.16404392,0.238311066,-0.270721818,0.03664514,0.042194897,9.834856264
0.01,-4.53E-13,1.98E-07,-1.13E-08,3.097161387,1.497490721,-0.717917974,-0.759394869,0.088296474,0.360323719,-0.245355897,0.031882987,0.012865362,9.826441621
0.01,2.72E-13,-1.19E-07,6.76E-09,3.103588321,1.496479478,-0.717468625,-0.757548081,0.092711312,0.170805428,-0.247697781,0.036435274,0.033910551,9.831169102
0.01,-1.63E-13,7.11E-08,-4.06E-09,3.108830611,1.498322347,-0.715332445,-0.751465143,0.024174802,0.42578864,-0.402206275,0.041435955,0.03430099,9.825184902
0.01,9.78E-14,-4.27E-08,2.44E-09,3.113022131,1.495223413,-0.713143275,-0.748284047,0.137128236,0.363635868,-0.490414378,0.048707328,0.023666555,9.831959894
0.01,-5.87E-14,2.56E-08,-1.46E-09,3.118475629,1.494951653,-0.712691694,-0.745231594,0.033463594,0.254382676,-0.28881083,0.033546069,0.023841958,9.839114445
0.01,3.52E-14,-1.54E-08,8.77E-10,3.124420952,1.494244261,-0.71330895,-0.740787655,0.085247806,0.227278965,-0.395863449,0.043959908,0.043765578,9.849076741
0.01,-2.11E-14,9.22E-09,-5.26E-10,3.128959523,1.491159406,-0.714249801,-0.737052647,0.063833866,0.36767321,-0.338644383,0.02841988,0.024538978,9.823721169
0.01,1.27E-14,-5.53E-09,3.16E-10,3.134797487,1.493775225,-0.714220491,-0.732167772,-0.026355781,0.307960122,-0.238187379,0.035229685,0.037510423,9.819814716
0.01,-7.61E-15,3.32E-09,-1.89E-10,3.139802126,1.490332825,-0.715215703,-0.729307181,0.123563523,0.391389786,-0.329203996,0.037151904,0.020196179,9.830193144
0.01,4.56E-15,-1.99E-09,1.14E-10,-3.137966411,1.486586749,-0.7147802,-0.723668031,0.002355752,0.285381878,-0.408875639,0.038529802,0.028825747,9.833114785
0.01,-2.74E-15,1.19E-09,-6.82E-11,-3.130889863,1.486264646,-0.714765765,-0.720562578,-0.015627172,0.229770634,-0.154798662,0.032558588,0.035793946,9.847115694
0.01,1.64E-15,-7.17E-10,4.09E-11,-3.124476727,1.486144576,-0.714802024,-0.715295769,0.102991498,0.343152891,-0.309484723,0.020529653,0.043133166,9.836643493
0.01,-9.86E-16,4.30E-10,-2.45E-11,-3.119900334,1.486742795,-0.713207081,-0.713803712,-0.030665618,0.316965392,-0.332734071,0.016337927,0.018353585,9.828065761
0.01,5.91E-16,-2.58E-10,1.47E-11,-3.113389853,1.487664826,-0.713089392,-0.707473691,0.113771393,0.184905379,-0.314876712,0.033504128,0.023467699,9.837649072
0.01,-3.55E-16,1.55E-10,-8.84E-12,-3.108151579,1.487061147,-0.713447357,-0.702816211,0.078399707,0.274734812,-0.340295092,0.036183201,0.021896636,9.858817201
0.01,2.13E-16,-9.29E-11,5.30E-12,-3.101888501,1.486092032,-0.709722153,-0.699453324,-0.100660352,0.276275851,-0.32606384,0.020835915,0.027538665,9.838751889
0.01,-1.28E-16,5.57E-11,-3.18E-12,-3.097582864,1.484097719,-0.711444776,-0.694418891,0.014568566,0.305522946,-0.25349103,0.027423576,0.017578676,9.829401872
0.01,7.67E-17,-3.34E-11,1.91E-12,-3.094095409,1.482314704,-0.713170641,-0.69519493,0.012136996,0.304671187,-0.382512166,0.034819924,0.043015701,9.842222047
0.01,-4.60E-17,2.01E-11,-1.15E-12,-3.089444713,1.480603913,-0.714206595,-0.690653837,0.109519219,0.358307167,-0.345602421,0.059260656,0.044470176,9.836280485
0.01,2.76E-17,-1.20E-11,6.87E-13,-3.083721341,1.477474527,-0.715176166,-0.686346403,0.020888524,0.264977067,-0.287186817,0.029114108,0.045380458,9.843481619
0.01,-1.66E-17,7.22E-12,-4.12E-13,-3.080377179,1.477196386,-0.716943743,-0.681501008,0.064780157,0.466781989,-0.332279932,0.031616037,0.031961812,9.826875356
0.01,9.93E-18,-4.33E-12,2.47E-13,-3.075110913,1.478192181,-0.715719511,-0.676923188,0.015204683,0.296583572,-0.285878792,0.023125092,0.01503979,9.837535539
0.01,-5.96E-18,2.60E-12,-1.48E-13,-3.071236006,1.477771928,-0.712959686,-0.674363085,-0.035415547,0.223357279,-0.45173103,0.028566521,0.027319569,9.848405812
0.01,3.58E-18,-1.56E-12,8.90E-14,-3.067030608,1.477612134,-0.711310526,-0.66988989,-0.086818199,0.211951009,-0.194444188,0.027252415,0.034880391,9.839044401
0.01,-2.15E-18,9.36E-13,-5.34E-14,-3.061757615,1.474575424,-0.710004745,-0.664430701,0.115781568,0.380178524,-0.379003949,0.028911644,0.034392496,9.799600208
0.01,1.29E-18,-5.62E-13,3.21E-14,-3.056540789,1.472990057,-0.70999044,-0.661052353,0.054964046,0.227259606,-0.372855461,0.01993903,0.046719712,9.833898106
0.01,-7.73E-19,3.37E-13,-1.92E-14,-3.051141245,1.472615008,-0.7086035,-0.655533889,0.003010449,0.358940742,-0.274059739,0.031159909,0.023373645,9.844469353
0.01,4.64E-19,-2.02E-13,1.15E-14,-3.044702302,1.472441559,-0.709921879,-0.652772596,0.049256005,0.317634866,-0.407079185,0.040586838,0.046886233,9.823773098
0.01,-2.78E-19,1.21E-13,-6.92E-15,-3.039211022,1.471199189,-0.712699213,-0.646528997,0.086655268,0.349466445,-0.327294995,0.024629902,0.014990641,9.841202631
0.01,1.67E-19,-7.28E-14,4.15E-15,-3.034404396,1.469064062,-0.714375643,-0.641045034,0.035145215,0.238943032,-0.312497715,0.032234358,0.025992533,9.817008539
0.01,-1.00E-19,4.37E-14,-2.49E-15,-3.029889432,1.467327013,-0.712903423,-0.636445978,0.044811535,0.269452919,-0.3058228,0.04453353,0.014567401,9.830511656
0.01,6.01E-20,-2.62E-14,1.50E-15,-3.02672247,1.465212366,-0.715043752,-0.633718833,0.005943822,0.306252622,-0.385202422,0.040203752,0.025673606,9.852058747
0.01,-3.60E-20,1.57E-14,-8.97E-16,-3.018259624,1.463850299,-0.713724424,-0.629166914,0.008655911,0.287032346,-0.254683615,0.027423196,0.014506662,9.838562646
0.01,2.16E-20,-9.43E-15,5.38E-16,-3.01332818,1.463266264,-0.713356513,-0.627247883,0.083002236,0.251575948,-0.352558903,0.047222607,0.039574198,9.825639566
0.01,-1.30E-20,5.66E-15,-3.23E-16,-3.008513053,1.464601002,-0.711717526,-0.622427393,-0.116787427,0.32588085,-0.334483389,0.021755928,0.053360169,9.845738525
0.01,7.79E-21,-3.40E-15,1.94E-16,-3.003117172,1.464049901,-0.712845607,-0.615897972,-0.004039839,0.234093853,-0.221741245,0.035259831,0.037229154,9.85051545
0.01,-4.67E-21,2.04E-15,-1.16E-16,-2.996345293,1.461010077,-0.70987202,-0.612254497,-0.012852177,0.152066183,-0.380855269,0.04017983,0.033459557,9.827287792
0.01,2.80E-21,-1.22E-15,6.98E-17,-2.993598854,1.459954346,-0.707797011,-0.608319319,0.020622988,0.195483493,-0.330361145,0.036650526,0.035595711,9.843798309
0.01,-1.68E-21,7.34E-16,-4.19E-17,-2.988688805,1.457622044,-0.70713242,-0.604755936,0.171815136,0.299930583,-0.26156729,0.0394802,0.01978328,9.827781538
0.01,1.01E-21,-4.40E-16,2.51E-17,-2.98540469,1.455981876,-0.706019537,-0.598590894,-0.059076468,0.295808315,-0.304805746,0.026017134,0.019786501,9.836774525
0.01,-6.05E-22,2.64E-16,-1.51E-17,-2.979568135,1.456850332,-0.705063909,-0.593579542,-0.014404265,0.313126315,-0.41546632,0.033784774,0.024218229,9.817041446
0.01,3.63E-22,-1.58E-16,9.04E-18,-2.974406183,1.455177166,-0.706336246,-0.590264396,0.037167312,0.361889573,-0.318327399,0.0405498,0.036670686,9.817631001
0.01,-2.18E-22,9.51E-17,-5.43E-18,-2.969431936,1.451971592,-0.706850447,-0.58373093,0.102835246,0.381484381,-0.336515344,0.025381304,0.013409352,9.838495932
0.01,1.31E-22,-5.70E-17,3.26E-18,-2.964298564,1.451621691,-0.705783707,-0.580523833,0.046097406,0.256812347,-0.34527435,0.050389234,0.020942705,9.844079936
0.01,-7.85E-23,3.42E-17,-1.95E-18,-2.960297544,1.449884074,-0.7070523,-0.57557428,0.040073857,0.198384392,-0.365795424,0.026226831,0.021665467,9.841888121
0.01,4.71E-23,-2.05E-17,1.17E-18,-2.955750818,1.447967093,-0.705843779,-0.572671262,0.081474214,0.180846526,-0.256729496,0.023590714,0.017710213,9.841067787
0.01,-2.82E-23,1.23E-17,-7.03E-19,-2.94972355,1.444487699,-0.706652537,-0.566697633,0.195472566,0.333113435,-0.38573138,0.043323002,0.028063602,9.842013709
0.01,1.69E-23,-7.39E-18,4.22E-19,-2.942990729,1.442156386,-0.705103227,-0.561805673,0.042759994,0.434141112,-0.231928037,0.04215712,0.043225005,9.822342072
0.01,-1.02E-23,4.44E-18,-2.53E-19,-2.937920802,1.439611946,-0.704795973,-0.559109127,-0.006514703,0.32556402,-0.335547051,0.018578315,0.033580462,9.837654271
0.01,6.10E-24,-2.66E-18,1.52E-19,-2.930607513,1.438457147,-0.702430203,-0.55627387,0.127182527,0.176234416,-0.250775327,0.039395476,0.046252675,9.839712125
0.01,-3.66E-24,1.60E-18,-9.11E-20,-2.925743067,1.438416152,-0.701057626,-0.55545944,-0.088206145,0.22158204,-0.23014031,0.028825957,0.021115442,9.838522857
0.01,2.20E-24,-9.58E-19,5.47E-20,-2.920673511,1.435780933,-0.701254284,-0.549948677,0.060719752,0.333182209,-0.166550784,0.014866317,0.025701389,9.834704582
0.01,-1.32E-24,5.75E-19,-3.28E-20,-2.915076312,1.433846461,-0.699335308,-0.547177632,0.10440747,0.141710012,-0.307344935,0.037623856,0.043530306,9.847774364
0.01,7.91E-25,-3.45E-19,1.97E-20,-2.911076731,1.434589279,-0.698000554,-0.542838904,0.054281379,0.18009317,-0.27619153,0.041206401,0.02131951,9.84334406
0.01,-4.74E-25,2.07E-19,-1.18E-20,-2.905264804,1.435148062,-0.697104364,-0.537456338,0.024549227,0.291684698,-0.340692497,0.015938711,0.024081553,9.835576111
0.01,2.85E-25,-1.24E-19,7.09E-21,-2.899412266,1.432648376,-0.696771273,-0.533380744,0.031802532,0.197197855,-0.244183688,0.034701357,0.018338432,9.850993514
0.01,-1.71E-25,7.45E-20,-4.25E-21,-2.894595024,1.43140066,-0.696747647,-0.528853952,0.068872828,0.191643177,-0.221895218,0.032729554,0.020080679,9.82280936
0.01,1.02E-25,-4.47E-20,2.55E-21,-2.891108524,1.429099202,-0.697964461,-0.52678908,-0.123534732,0.247807102,-0.23843698,0.025535999,0.024979421,9.813725174
0.01,-6.15E-26,2.68E-20,-1.53E-21,-2.888107233,1.42788033,-0.695803835,-0.524668672,0.080102286,0.341153906,-0.125525565,0.028878423,0.02038415,9.845920891
0.01,3.69E-26,-1.61E-20,9.18E-22,-2.881004062,1.426629669,-0.695928778,-0.522723848,0.091406073,0.242497297,-0.341080797,0.016120338,0.027319259,9.82400726
0.01,-2.21E-26,9.66E-21,-5.51E-22,-2.878355909,1.428471887,-0.69470857,-0.51974457,0.181093101,0.225665404,-0.312690063,0.034773455,0.041046588,9.827722964
0.01,1.33E-26,-5.79E-21,3.31E-22,-2.875844533,1.423805973,-0.693136597,-0.515651407,0.037089535,0.398118674,-0.255713685,0.015923375,0.011409663,9.848454829
0.01,-7.97E-27,3.48E-21,-1.98E-22,-2.871115815,1.422739237,-0.693755854,-0.511541326,0.105280077,0.362361907,-0.287621377,0.032652135,0.036190842,9.83536703
0.01,4.78E-27,-2.09E-21,1.19E-22,-2.868132065,1.421402572,-0.696266512,-0.509257416,0.026460872,0.246159581,-0.336171605,0.040566168,0.032764603,9.836969126
0.01,-2.87E-27,1.25E-21,-7.14E-23,-2.861958807,1.420957925,-0.698028369,-0.505005842,-0.007187875,0.366071455,-0.378040015,0.034661613,0.04430241,9.819425697
0.01,1.72E-27,-7.51E-22,4.28E-23,-2.85379703,1.418195405,-0.697829752,-0.500249295,0.111555683,0.245091973,-0.337723159,0.042072356,0.03496776,9.832380439
0.01,-1.03E-27,4.50E-22,-2.57E-23,-2.848335825,1.419196815,-0.697991346,-0.497522593,-0.021254595,0.342784038,-0.235406373,0.045359704,0.015167675,9.85538303
0.01,6.20E-28,-2.70E-22,1.54E-23,-2.842414872,1.418402621,-0.697764158,-0.495863866,-0.025020499,0.322206178,-0.28263259,0.025453788,0.035062122,9.843634906
0.01,-3.72E-28,1.62E-22,-9.26E-24,-2.835141679,1.416704861,-0.698334112,-0.493183505,0.122860463,0.254006713,-0.192895062,0.0232692,0.031565159,9.829957803
0.01,2.23E-28,-9.73E-23,5.55E-24,-2.829734958,1.415954601,-0.699786866,-0.488749565,-0.054122899,0.317183159,-0.290489652,0.033717204,0.034136501,9.831892742
0.01,-1.34E-28,5.84E-23,-3.33E-24,-2.824571602,1.416250513,-0.700944517,-0.488110835,0.059573067,0.22457299,-0.447708564,0.038012255,0.0318748,9.832230652
0.01,8.03E-29,-3.50E-23,2.00E-24,-2.822119773,1.415197821,-0.698850876,-0.484682981,0.103390443,0.307240239,-0.338192244,0.041401364,0.021872355,9.836446825
0.01,-4.82E-29,2.10E-23,-1.20E-24,-2.81850929,1.413956283,-0.697038087,-0.482908717,0.046345032,0.283635166,-0.366616585,0.041855292,0.030652145,9.827310092
0.01,2.89E-29,-1.26E-23,7.20E-25,-2.814442593,1.411085483,-0.699780374,-0.478723806,0.197946754,0.404759118,-0.200631507,0.043706879,0.044149166,9.825887429
0.01,-1.73E-29,7.57E-24,-4.32E-25,-2.81072062,1.409186333,-0.702336229,-0.474483003,0.094732126,0.321940814,-0.380363375,0.029325955,0.029433582,9.828656034
0.01,1.04E-29,-4.54E-24,2.59E-25,-2.805962957,1.408472894,-0.699366564,-0.470375729,0.038279523,0.169014614,-0.323485142,0.023857895,0.024653045,9.83668898
0.01,-6.24E-30,2.72E-24,-1.55E-25,-2.802111684,1.406996178,-0.696239371,-0.467567756,0.047848922,0.343725186,-0.331769144,0.047641395,0.039421857,9.843836193
0.01,3.75E-30,-1.63E-24,9.33E-26,-2.798054821,1.404837173,-0.695698063,-0.463888254,0.099106735,0.261382714,-0.411728411,0.030866134,0.042017963,9.82995373
0.01,-2.25E-30,9.81E-25,-5.60E-26,-2.795229245,1.403037002,-0.69465876,-0.459016573,0.02932687,0.357748835,-0.217122186,0.030855113,0.033999892,9.837763846
0.01,1.35E-30,-5.88E-25,3.36E-26,-2.788984901,1.401495382,-0.693706124,-0.458024337,0.032072102,0.38925177,-0.306801398,0.035212654,0.031425699,9.838520967
0.01,-8.09E-31,3.53E-25,-2.01E-26,-2.784358348,1.400046073,-0.69210053,-0.4544606,0.026583165,0.341021661,-0.319742511,0.024918491,0.02672809,9.854078352
0.01,4.86E-31,-2.12E-25,1.21E-26,-2.779923888,1.398148897,-0.69364551,-0.450641114,-0.009549083,0.350102969,-0.268492717,0.040446542,0.043577605,9.84141991
0.01,-2.91E-31,1.27E-25,-7.25E-27,-2.773144274,1.399962354,-0.691787213,-0.447217795,0.03779735,0.342321464,-0.225332335,0.031669689,0.03939508,9.831924283
0.01,1.75E-31,-7.63E-26,4.35E-27,-2.768010293,1.394800828,-0.691154254,-0.443681484,-0.031460213,0.409212256,-0.231763652,0.023502775,0.028056977,9.848205856
0.01,-1.05E-31,4.58E-26,-2.61E-27,-2.761880558,1.392548238,-0.691348148,-0.440244272,0.035176279,0.283104225,-0.281550889,0.033265394,0.027193627,9.833827726
0.01,6.29E-32,-2.75E-26,1.57E-27,-2.759371196,1.39211745,-0.688814121,-0.434769591,0.030652255,0.348389881,-0.139318131,0.023803012,0.038261755,9.859897493
0.01,-3.78E-32,1.65E-26,-9.40E-28,-2.753106876,1.393176461,-0.690189591,-0.430466542,0.058563447,0.206050057,-0.22563569,0.037181676,0.033458546,9.84489629
0.01,2.27E-32,-9.88E-27,5.64E-28,-2.747754565,1.3904144,-0.68896915,-0.425719189,0.087617057,0.242620863,-0.408267815,0.03863233,0.024947323,9.853345271
0.01,-1.36E-32,5.93E-27,-3.38E-28,-2.744006925,1.38598493,-0.689176088,-0.421565469,0.055141586,0.405391695,-0.313221358,0.02118532,0.022361239,9.852534041
0.01,8.16E-33,-3.56E-27,2.03E-28,-2.739432514,1.381793976,-0.687997238,-0.416051507,-0.003909604,0.243154944,-0.278077888,0.029838304,0.024712633,9.845131579
0.01,-4.89E-33,2.13E-27,-1.22E-28,-2.73545936,1.381537459,-0.689127825,-0.409965015,-0.02641158,0.235111055,-0.40052899,0.039826621,0.028474187,9.828264908
0.01,2.94E-33,-1.28E-27,7.31E-29,-2.728760852,1.380904366,-0.687471099,-0.403557143,0.100082162,0.312697291,-0.318520339,0.046328045,0.032311843,9.83289071
0.01,-1.76E-33,7.68E-28,-4.39E-29,-2.724660224,1.381303272,-0.685244805,-0.399969115,0.089888561,0.419502719,-0.32952317,0.028891907,0.034797372,9.830649451
0.01,1.06E-33,-4.61E-28,2.63E-29,-2.719803999,1.382976844,-0.685609395,-0.395798484,0.252398664,0.337940286,-0.303486048,0.02384383,0.020787329,9.823212845
0.01,-6.34E-34,2.77E-28,-1.58E-29,-2.716461983,1.379310276,-0.685113115,-0.392028516,0.044678795,0.341458379,-0.328802288,0.038281911,0.034738964,9.847123965
0.01,3.80E-34,-1.66E-28,9.47E-30,-2.712832102,1.377724822,-0.683878714,-0.387206239,-0.078537515,0.210062894,-0.301187122,0.033135853,0.031039952,9.853076298
0.01,-2.28E-34,9.96E-29,-5.68E-30,-2.707029696,1.376311441,-0.682456544,-0.387443471,0.047626408,0.141016219,-0.325476841,0.009957312,0.022137642,9.863674436
0.01,1.37E-34,-5.98E-29,3.41E-30,-2.701343299,1.376546555,-0.68163993,-0.383800416,0.038979139,0.288390807,-0.419662728,0.040049877,0.039351855,9.831453887
0.01,-8.22E-35,3.59E-29,-2.05E-30,-2.698281328,1.372188482,-0.68136401,-0.380243979,0.000550376,0.380070433,-0.411730823,0.029871656,0.027471638,9.842193907
0.01,4.93E-35,-2.15E-29,1.23E-30,-2.693478531,1.3709388,-0.680016336,-0.376963779,0.037195791,0.346784384,-0.240554388,0.043949293,0.025477011,9.835983164
0.01,-2.96E-35,1.29E-29,-7.37E-31,-2.689503262,1.367854355,-0.681232033,-0.372759342,0.10333305,0.285566949,-0.414615176,0.033095526,0.029225002,9.829749494
0.01,1.78E-35,-7.74E-30,4.42E-31,-2.684463867,1.367508754,-0.680872922,-0.368603852,0.024776642,0.400596809,-0.33906378,0.035533704,0.017278384,9.852318745
0.01,-1.07E-35,4.65E-30,-2.65E-31,-2.678288615,1.366733007,-0.680574636,-0.36594498,0.132147442,0.304118261,-0.145588368,0.04532017,0.032005395,9.836098714
0.01,6.39E-36,-2.79E-30,1.59E-31,-2.672043361,1.365158017,-0.678515055,-0.361886601,0.054208974,0.325883115,-0.191822971,0.053320899,0.028632259,9.836209121
0.01,-3.83E-36,1.67E-30,-9.55E-32,-2.666811456,1.363896618,-0.679048053,-0.356813467,0.01508626,0.289207241,-0.226552714,0.027718533,0.016127372,9.82757875
0.01,2.30E-36,-1.00E-30,5.73E-32,-2.662797691,1.3644606,-0.681182996,-0.349151843,-0.007340838,0.345266255,-0.226269768,0.017397745,0.029796545,9.834825415
0.01,-1.38E-36,6.02E-31,-3.44E-32,-2.658216845,1.365041741,-0.680935469,-0.346667954,0.01968951,0.292724823,-0.37624978,0.032470109,0.022540714,9.841603363
0.01,8.28E-37,-3.61E-31,2.06E-32,-2.65189784,1.363431863,-0.682274891,-0.33901071,0.069227785,0.311085593,-0.317941217,0.019132241,0.032889978,9.815364559
0.01,-4.97E-37,2.17E-31,-1.24E-32,-2.648984896,1.361117922,-0.68324623,-0.336681303,0.140789128,0.2286987,-0.330465986,0.023781526,0.042166934,9.840913305
0.01,2.98E-37,-1.30E-31,7.42E-33,-2.646594859,1.358339286,-0.683495942,-0.333296972,0.079793574,0.299799145,-0.376274007,0.051035522,0.028896141,9.834350216
0.01,-1.79E-37,7.80E-32,-4.45E-33,-2.642650596,1.359185828,-0.681512793,-0.328963662,0.060533232,0.31339401,-0.358151706,0.043456837,0.044243767,9.832583958
0.01,1.07E-37,-4.68E-32,2.67E-33,-2.637203686,1.356472681,-0.681211783,-0.325366961,0.179452683,0.288478423,-0.295504668,0.037557456,0.014267063,9.83179022
0.01,-6.44E-38,2.81E-32,-1.60E-33,-2.63331918,1.355424202,-0.680522257,-0.32205957,0.126767406,0.251064848,-0.243856113,0.030767022,0.026151078,9.839958589
0.01,3.86E-38,-1.69E-32,9.62E-34,-2.627370826,1.35466897,-0.678850098,-0.317947695,0.032896322,0.167660165,-0.258255603,0.034340147,0.026080151,9.834297577
